{"Train Loss": 0.09920428693294525, "Train PSNR": 13.045565605163574, "_timestamp": 1655121749, "_runtime": 20, "_step": 99, "_wandb": {"runtime": 29}}