{"Train Loss": 0.15628108382225037, "Train PSNR": 12.402728080749512, "_timestamp": 1655120757, "_runtime": 19, "_step": 99, "_wandb": {"runtime": 19}}