{"Train Loss": 0.1535537987947464, "Train PSNR": 10.053607940673828, "_timestamp": 1655120535, "_runtime": 23, "_step": 99, "_wandb": {"runtime": 21}}