{"Train Loss": 0.12319423258304596, "Train PSNR": 12.070590019226074, "_timestamp": 1655905260, "_runtime": 13, "_step": 42, "_wandb": {"runtime": 12}}