{"Train Loss": 0.10284700244665146, "Train PSNR": 12.65703010559082, "_timestamp": 1655122336, "_runtime": 20, "_step": 99, "_wandb": {"runtime": 27}}